Average of ride_length,Column Labels,,,,,,,
Row Labels,1,2,3,4,5,6,7,Grand Total
casual,0.040901204,0.043368705,0.058651755,0.044009034,0.052013775,0.076831666,0.050489592,0.050780537
member,0.018574391,0.012373254,0.01509568,0.011338359,0.013885558,0.012767369,0.018005948,0.014915928
Grand Total,0.026645059,0.020097572,0.027530067,0.018073614,0.021831787,0.028887893,0.028239831,0.024910372
